-- 회원 데이터
INSERT INTO MEMBER(MNO,NAME,EMAIL,PWD) VALUES(1,'홍길동','user01@test.com','1111');
INSERT INTO MEMBER(MNO,NAME,EMAIL,PWD) VALUES(2,'임꺽정','user02@test.com','1111');
INSERT INTO MEMBER(MNO,NAME,EMAIL,PWD) VALUES(3,'유관순','user03@test.com','1111');
INSERT INTO MEMBER(MNO,NAME,EMAIL,PWD) VALUES(4,'안중근','user04@test.com','1111');
INSERT INTO MEMBER(MNO,NAME,EMAIL,PWD) VALUES(5,'윤봉길','user05@test.com','1111');
INSERT INTO MEMBER(MNO,NAME,EMAIL,PWD) VALUES(6,'신채호','user06@test.com','1111');
INSERT INTO MEMBER(MNO,NAME,EMAIL,PWD) VALUES(7,'안창호','user07@test.com','1111');
INSERT INTO MEMBER(MNO,NAME,EMAIL,PWD) VALUES(8,'김구','user08@test.com','1111');
INSERT INTO MEMBER(MNO,NAME,EMAIL,PWD) VALUES(9,'정약용','user09@test.com','1111');
INSERT INTO MEMBER(MNO,NAME,EMAIL,PWD) VALUES(10,'지석영','user10@test.com','1111');

-- 수업 데이터 
INSERT INTO LESSON(LNO,TITLE,CONT,SDT,EDT,MNO,TOT_HR,DAY_HR) 
VALUES(1, '자바 기초 프로그래밍', '자바 입문자를 위한 과정', '2019-1-2', '2019-1-15',1,80,8);
INSERT INTO LESSON(LNO,TITLE,CONT,SDT,EDT,MNO,TOT_HR,DAY_HR) 
VALUES(2, '자바 고급 프로그래밍', '자바 입문자를 위한 응용 과정', '2019-1-14', '2019-1-25',2,80,8);
INSERT INTO LESSON(LNO,TITLE,CONT,SDT,EDT,MNO,TOT_HR,DAY_HR) 
VALUES(3, '자바 웹 프로그래밍', '서블릿/JSP 웹 프로그래밍 과정', '2019-1-21', '2019-2-1',1,80,8);
INSERT INTO LESSON(LNO,TITLE,CONT,SDT,EDT,MNO,TOT_HR,DAY_HR) 
VALUES(4, 'IoT 프로그래밍', 'IoT 실무 개발자 양성 과정', '2019-2-4', '2019-3-4',1,80,4);
INSERT INTO LESSON(LNO,TITLE,CONT,SDT,EDT,MNO,TOT_HR,DAY_HR) 
VALUES(5, 'C# 프로그래밍', 'C# 기초 프로그래밍 과정', '2019-2-4', '2019-2-15',2,40,4);

-- 수강생 데이터 
INSERT INTO LES_MEMB(MNO,LNO,ROLE) VALUES(1,1,'T');
INSERT INTO LES_MEMB(MNO,LNO,ROLE) VALUES(3,1,'S');
INSERT INTO LES_MEMB(MNO,LNO,ROLE) VALUES(4,1,'S');
INSERT INTO LES_MEMB(MNO,LNO,ROLE) VALUES(5,1,'S');
INSERT INTO LES_MEMB(MNO,LNO,ROLE) VALUES(6,1,'S');
INSERT INTO LES_MEMB(MNO,LNO,ROLE) VALUES(7,1,'S');
INSERT INTO LES_MEMB(MNO,LNO,ROLE) VALUES(8,1,'S');

INSERT INTO LES_MEMB(MNO,LNO,ROLE) VALUES(2,2,'T');
INSERT INTO LES_MEMB(MNO,LNO,ROLE) VALUES(3,2,'S');
INSERT INTO LES_MEMB(MNO,LNO,ROLE) VALUES(4,2,'S');
INSERT INTO LES_MEMB(MNO,LNO,ROLE) VALUES(5,2,'S');
INSERT INTO LES_MEMB(MNO,LNO,ROLE) VALUES(6,2,'S');
INSERT INTO LES_MEMB(MNO,LNO,ROLE) VALUES(9,2,'S');
INSERT INTO LES_MEMB(MNO,LNO,ROLE) VALUES(10,2,'S');

INSERT INTO LES_MEMB(MNO,LNO,ROLE) VALUES(1,3,'T');
INSERT INTO LES_MEMB(MNO,LNO,ROLE) VALUES(7,3,'S');
INSERT INTO LES_MEMB(MNO,LNO,ROLE) VALUES(8,3,'S');
INSERT INTO LES_MEMB(MNO,LNO,ROLE) VALUES(9,3,'S');
INSERT INTO LES_MEMB(MNO,LNO,ROLE) VALUES(10,3,'S');

-- 수업 자료 데이터
INSERT INTO LES_FILE(LFNO,PATH,CDT,LNO) VALUES(1,'f1.zip','2019-1-3',1);
INSERT INTO LES_FILE(LFNO,PATH,CDT,LNO) VALUES(2,'f2.ppt','2019-1-3',1);
INSERT INTO LES_FILE(LFNO,PATH,CDT,LNO) VALUES(3,'f3.sql','2019-1-4',1);
INSERT INTO LES_FILE(LFNO,PATH,CDT,LNO) VALUES(4,'f4.ppt','2019-1-15',2);
INSERT INTO LES_FILE(LFNO,PATH,CDT,LNO) VALUES(5,'f5.zip','2019-1-22',2);
INSERT INTO LES_FILE(LFNO,PATH,CDT,LNO) VALUES(6,'f6.ppt','2019-1-25',3);

-- 수업 사진 자료 데이터
INSERT INTO PHOTO(PNO,TITLE,LNO) VALUES(1,'수업 오리엔테이션',1);
INSERT INTO PHOTO(PNO,TITLE,LNO) VALUES(2,'1차 과제 발표',1);
INSERT INTO PHOTO(PNO,TITLE,LNO) VALUES(3,null,2);
INSERT INTO PHOTO(PNO,TITLE,LNO) VALUES(4,'과제 발표회',3);

-- 수업 사진 파일 
INSERT INTO PHO_FILE(PFNO,PATH,PNO) VALUES(1,'a1.jpg',1);
INSERT INTO PHO_FILE(PFNO,PATH,PNO) VALUES(2,'a2.jpg',1);
INSERT INTO PHO_FILE(PFNO,PATH,PNO) VALUES(3,'a3.jpg',1);
INSERT INTO PHO_FILE(PFNO,PATH,PNO) VALUES(4,'b1.jpg',2);
INSERT INTO PHO_FILE(PFNO,PATH,PNO) VALUES(5,'b2.jpg',2);
INSERT INTO PHO_FILE(PFNO,PATH,PNO) VALUES(6,'b3.jpg',2);
INSERT INTO PHO_FILE(PFNO,PATH,PNO) VALUES(7,'b4.jpg',2);
INSERT INTO PHO_FILE(PFNO,PATH,PNO) VALUES(8,'c1.jpg',3);
INSERT INTO PHO_FILE(PFNO,PATH,PNO) VALUES(9,'c2.jpg',3);
INSERT INTO PHO_FILE(PFNO,PATH,PNO) VALUES(10,'d1.jpg',4);

-- 게시판 데이터
INSERT INTO BOARD(BNO,CONT,LNO,MNO) VALUES(1,'반갑습니다.',1,3);
INSERT INTO BOARD(BNO,CONT,LNO,MNO) VALUES(2,'과제하셨나요?',1,5);
INSERT INTO BOARD(BNO,CONT,LNO,MNO) VALUES(3,'MT 가실 분 신청받아요.',1,7);
INSERT INTO BOARD(BNO,CONT,LNO,MNO) VALUES(4,'오늘 수업 너무 좋아요.',1,8);
INSERT INTO BOARD(BNO,CONT,LNO,MNO) VALUES(5,'개발 아르바이트 구합니다.',2,4);
INSERT INTO BOARD(BNO,CONT,LNO,MNO) VALUES(6,'반가워요.',2,9);
INSERT INTO BOARD(BNO,CONT,LNO,MNO) VALUES(7,'기말 고사 준비하실분?',2,10);
INSERT INTO BOARD(BNO,CONT,LNO,MNO) VALUES(8,'C#이 자바랑 많이 다른가요?',3,7);
INSERT INTO BOARD(BNO,CONT,LNO,MNO) VALUES(9,'어제 강의 자료 보여주실분?',3,9);

-- 댓글 데이터
INSERT INTO COMMENT(CNO,CONT,BNO,MNO,LNO) VALUES(1,'반가워요.^^',1,4,1);
INSERT INTO COMMENT(CNO,CONT,BNO,MNO,LNO) VALUES(2,'같이 열심히 해요.',1,5,1);

INSERT INTO COMMENT(CNO,CONT,BNO,MNO,LNO) VALUES(3,'저도 못했어요.',2,6,1);
INSERT INTO COMMENT(CNO,CONT,BNO,MNO,LNO) VALUES(4,'같이 해요.',2,8,1);

INSERT INTO COMMENT(CNO,CONT,BNO,MNO,LNO) VALUES(5,'저요',7,3,2);
INSERT INTO COMMENT(CNO,CONT,BNO,MNO,LNO) VALUES(6,'저요',7,4,2);
INSERT INTO COMMENT(CNO,CONT,BNO,MNO,LNO) VALUES(7,'저두요!',7,5,2);







